"rainfall","yr","mo.num","site","i","mo.num2","day","date","julian"
25.7051410675049,"1995","01","scrub",1,1,15,"15/01/1995",19
26.5846900939941,"1995","02","scrub",2,2,15,"15/02/1995",50
34.9479522705078,"1995","03","scrub",3,3,15,"15/03/1995",78
37.9184799194336,"1995","04","scrub",4,4,15,"15/04/1995",109
34.8335647583008,"1995","05","scrub",5,5,15,"15/05/1995",139
21.5030326843262,"1995","06","scrub",6,6,15,"15/06/1995",170
51.3220634460449,"1995","07","scrub",7,7,15,"15/07/1995",200
99.4997634887695,"1995","08","scrub",8,8,15,"15/08/1995",231
59.2792282104492,"1995","09","scrub",9,9,15,"15/09/1995",262
154.442443847656,"1995","10","scrub",10,10,15,"15/10/1995",292
14.5584564208984,"1995","11","scrub",11,11,15,"15/11/1995",323
32.8688430786133,"1995","12","scrub",12,12,15,"15/12/1995",353
25.6487598419189,"1996","01","scrub",13,1,15,"15/01/1996",19
28.7325172424316,"1996","02","scrub",14,2,15,"15/02/1996",50
34.9077262878418,"1996","03","scrub",15,3,15,"15/03/1996",78
61.4126815795898,"1996","04","scrub",16,4,15,"15/04/1996",109
68.8706283569336,"1996","05","scrub",17,5,15,"15/05/1996",139
39.3932304382324,"1996","06","scrub",18,6,15,"15/06/1996",170
49.5547561645508,"1996","07","scrub",19,7,15,"15/07/1996",200
38.736988067627,"1996","08","scrub",20,8,15,"15/08/1996",231
110.091125488281,"1996","09","scrub",21,9,15,"15/09/1996",262
103.680709838867,"1996","10","scrub",22,10,15,"15/10/1996",292
50.4978981018066,"1996","11","scrub",23,11,15,"15/11/1996",323
31.155834197998,"1996","12","scrub",24,12,15,"15/12/1996",353
25.6487598419189,"1997","01","scrub",25,1,15,"15/01/1997",19
26.5846900939941,"1997","02","scrub",26,2,15,"15/02/1997",50
35.7134170532227,"1997","03","scrub",27,3,15,"15/03/1997",78
39.4738731384277,"1997","04","scrub",28,4,15,"15/04/1997",109
25.5237159729004,"1997","05","scrub",29,5,15,"15/05/1997",139
45.4473648071289,"1997","06","scrub",30,6,15,"15/06/1997",170
30.9539222717285,"1997","07","scrub",31,7,15,"15/07/1997",200
32.2324447631836,"1997","08","scrub",32,8,15,"15/08/1997",231
58.4356536865234,"1997","09","scrub",33,9,15,"15/09/1997",262
116.21760559082,"1997","10","scrub",34,10,15,"15/10/1997",292
35.8385467529297,"1997","11","scrub",35,11,15,"15/11/1997",323
16.8556842803955,"1997","12","scrub",36,12,15,"15/12/1997",353
25.6487598419189,"1998","01","scrub",37,1,15,"15/01/1998",19
26.5846900939941,"1998","02","scrub",38,2,15,"15/02/1998",50
34.8315925598145,"1998","03","scrub",39,3,15,"15/03/1998",78
56.3664932250977,"1998","04","scrub",40,4,15,"15/04/1998",109
89.9218368530273,"1998","05","scrub",41,5,15,"15/05/1998",139
42.6816558837891,"1998","06","scrub",42,6,15,"15/06/1998",170
43.3622436523438,"1998","07","scrub",43,7,15,"15/07/1998",200
42.4283103942871,"1998","08","scrub",44,8,15,"15/08/1998",231
233.558929443359,"1998","09","scrub",45,9,15,"15/09/1998",262
51.4382629394531,"1998","10","scrub",46,10,15,"15/10/1998",292
15.6786165237427,"1998","11","scrub",47,11,15,"15/11/1998",323
46.7910690307617,"1998","12","scrub",48,12,15,"15/12/1998",353
25.6487598419189,"1999","01","scrub",49,1,15,"15/01/1999",19
32.8775291442871,"1999","02","scrub",50,2,15,"15/02/1999",50
53.0372123718262,"1999","03","scrub",51,3,15,"15/03/1999",78
39.118049621582,"1999","04","scrub",52,4,15,"15/04/1999",109
26.5765151977539,"1999","05","scrub",53,5,15,"15/05/1999",139
69.3417816162109,"1999","06","scrub",54,6,15,"15/06/1999",170
31.2279930114746,"1999","07","scrub",55,7,15,"15/07/1999",200
32.2095184326172,"1999","08","scrub",56,8,15,"15/08/1999",231
92.2945251464844,"1999","09","scrub",57,9,15,"15/09/1999",262
105.226150512695,"1999","10","scrub",58,10,15,"15/10/1999",292
89.3291778564453,"1999","11","scrub",59,11,15,"15/11/1999",323
18.8915691375732,"1999","12","scrub",60,12,15,"15/12/1999",353
19.2744998931885,"2000","01","scrub",61,1,15,"15/01/2000",20
26.9060497283936,"2000","02","scrub",62,2,15,"15/02/2000",51
18.7351131439209,"2000","03","scrub",63,3,15,"15/03/2000",79
33.2945022583008,"2000","04","scrub",64,4,15,"15/04/2000",110
34.1501884460449,"2000","05","scrub",65,5,15,"15/05/2000",140
20.8443603515625,"2000","06","scrub",66,6,15,"15/06/2000",171
26.369026184082,"2000","07","scrub",67,7,15,"15/07/2000",201
30.4342975616455,"2000","08","scrub",68,8,15,"15/08/2000",232
95.7869491577148,"2000","09","scrub",69,9,15,"15/09/2000",263
42.7924652099609,"2000","10","scrub",70,10,15,"15/10/2000",293
19.1981258392334,"2000","11","scrub",71,11,15,"15/11/2000",324
33.5220260620117,"2000","12","scrub",72,12,15,"15/12/2000",354
25.6933917999268,"2001","01","scrub",73,1,15,"15/01/2001",20
26.5846900939941,"2001","02","scrub",74,2,15,"15/02/2001",51
25.4524955749512,"2001","03","scrub",75,3,15,"15/03/2001",79
24.9305438995361,"2001","04","scrub",76,4,15,"15/04/2001",110
136.098815917969,"2001","05","scrub",77,5,15,"15/05/2001",140
10.8438587188721,"2001","06","scrub",78,6,15,"15/06/2001",171
47.123706817627,"2001","07","scrub",79,7,15,"15/07/2001",201
16.8260765075684,"2001","08","scrub",80,8,15,"15/08/2001",232
84.0207901000977,"2001","09","scrub",81,9,15,"15/09/2001",263
85.486701965332,"2001","10","scrub",82,10,15,"15/10/2001",293
14.6190538406372,"2001","11","scrub",83,11,15,"15/11/2001",324
24.8057155609131,"2001","12","scrub",84,12,15,"15/12/2001",354
17.5560626983643,"2002","01","scrub",85,1,15,"15/01/2002",20
26.754524230957,"2002","02","scrub",86,2,15,"15/02/2002",51
18.4645385742188,"2002","03","scrub",87,3,15,"15/03/2002",79
88.9679565429688,"2002","04","scrub",88,4,15,"15/04/2002",110
42.829418182373,"2002","05","scrub",89,5,15,"15/05/2002",140
44.5087623596191,"2002","06","scrub",90,6,15,"15/06/2002",171
20.7120418548584,"2002","07","scrub",91,7,15,"15/07/2002",201
30.3996105194092,"2002","08","scrub",92,8,15,"15/08/2002",232
122.135581970215,"2002","09","scrub",93,9,15,"15/09/2002",263
19.8328266143799,"2002","10","scrub",94,10,15,"15/10/2002",293
14.3541822433472,"2002","11","scrub",95,11,15,"15/11/2002",324
27.7254085540771,"2002","12","scrub",96,12,15,"15/12/2002",354
21.8033409118652,"2003","01","scrub",97,1,15,"15/01/2003",20
16.7166500091553,"2003","02","scrub",98,2,15,"15/02/2003",51
21.0773887634277,"2003","03","scrub",99,3,15,"15/03/2003",79
115.959106445312,"2003","04","scrub",100,4,15,"15/04/2003",110
21.8051013946533,"2003","05","scrub",101,5,15,"15/05/2003",140
33.0079650878906,"2003","06","scrub",102,6,15,"15/06/2003",171
44.3162689208984,"2003","07","scrub",103,7,15,"15/07/2003",201
80.459602355957,"2003","08","scrub",104,8,15,"15/08/2003",232
35.0588035583496,"2003","09","scrub",105,9,15,"15/09/2003",263
80.9178314208984,"2003","10","scrub",106,10,15,"15/10/2003",293
21.422492980957,"2003","11","scrub",107,11,15,"15/11/2003",324
46.5831680297852,"2003","12","scrub",108,12,15,"15/12/2003",354
18.6988792419434,"2004","01","scrub",109,1,15,"15/01/2004",20
40.1840667724609,"2004","02","scrub",110,2,15,"15/02/2004",51
30.0835075378418,"2004","03","scrub",111,3,15,"15/03/2004",79
67.1624755859375,"2004","04","scrub",112,4,15,"15/04/2004",110
105.396514892578,"2004","05","scrub",113,5,15,"15/05/2004",140
17.8224811553955,"2004","06","scrub",114,6,15,"15/06/2004",171
39.3971099853516,"2004","07","scrub",115,7,15,"15/07/2004",201
32.883975982666,"2004","08","scrub",116,8,15,"15/08/2004",232
150.480728149414,"2004","09","scrub",117,9,15,"15/09/2004",263
69.5900955200195,"2004","10","scrub",118,10,15,"15/10/2004",293
14.0176868438721,"2004","11","scrub",119,11,15,"15/11/2004",324
27.9289951324463,"2004","12","scrub",120,12,15,"15/12/2004",354
13.2563142776489,"2005","01","scrub",121,1,15,"15/01/2005",20
11.2573022842407,"2005","02","scrub",122,2,15,"15/02/2005",51
13.872763633728,"2005","03","scrub",123,3,15,"15/03/2005",79
33.8068618774414,"2005","04","scrub",124,4,15,"15/04/2005",110
124.006225585938,"2005","05","scrub",125,5,15,"15/05/2005",140
99.5528717041016,"2005","06","scrub",126,6,15,"15/06/2005",171
40.8908653259277,"2005","07","scrub",127,7,15,"15/07/2005",201
57.9677200317383,"2005","08","scrub",128,8,15,"15/08/2005",232
78.4459228515625,"2005","09","scrub",129,9,15,"15/09/2005",263
195.878875732422,"2005","10","scrub",130,10,15,"15/10/2005",293
33.0485763549805,"2005","11","scrub",131,11,15,"15/11/2005",324
18.9088249206543,"2005","12","scrub",132,12,15,"15/12/2005",354
25.7070827484131,"2006","01","scrub",133,1,15,"15/01/2006",20
17.3985786437988,"2006","02","scrub",134,2,15,"15/02/2006",51
33.215160369873,"2006","03","scrub",135,3,15,"15/03/2006",79
27.0741062164307,"2006","04","scrub",136,4,15,"15/04/2006",110
25.2033615112305,"2006","05","scrub",137,5,15,"15/05/2006",140
42.8927536010742,"2006","06","scrub",138,6,15,"15/06/2006",171
32.196647644043,"2006","07","scrub",139,7,15,"15/07/2006",201
53.5039215087891,"2006","08","scrub",140,8,15,"15/08/2006",232
47.3427658081055,"2006","09","scrub",141,9,15,"15/09/2006",263
51.6047897338867,"2006","10","scrub",142,10,15,"15/10/2006",293
22.6022796630859,"2006","11","scrub",143,11,15,"15/11/2006",324
13.7442417144775,"2006","12","scrub",144,12,15,"15/12/2006",354
19.1373176574707,"2007","01","scrub",145,1,15,"15/01/2007",20
13.55788230896,"2007","02","scrub",146,2,15,"15/02/2007",51
45.5387535095215,"2007","03","scrub",147,3,15,"15/03/2007",79
39.5983963012695,"2007","04","scrub",148,4,15,"15/04/2007",110
72.660530090332,"2007","05","scrub",149,5,15,"15/05/2007",140
32.3347663879395,"2007","06","scrub",150,6,15,"15/06/2007",171
29.8124580383301,"2007","07","scrub",151,7,15,"15/07/2007",201
51.9650192260742,"2007","08","scrub",152,8,15,"15/08/2007",232
35.7263793945312,"2007","09","scrub",153,9,15,"15/09/2007",263
120.166236877441,"2007","10","scrub",154,10,15,"15/10/2007",293
36.179328918457,"2007","11","scrub",155,11,15,"15/11/2007",324
32.3938674926758,"2007","12","scrub",156,12,15,"15/12/2007",354
12.5026559829712,"2008","01","scrub",157,1,15,"15/01/2008",20
20.2751884460449,"2008","02","scrub",158,2,15,"15/02/2008",51
15.0279808044434,"2008","03","scrub",159,3,15,"15/03/2008",79
46.6608581542969,"2008","04","scrub",160,4,15,"15/04/2008",110
36.0700988769531,"2008","05","scrub",161,5,15,"15/05/2008",140
42.4088287353516,"2008","06","scrub",162,6,15,"15/06/2008",171
25.3973655700684,"2008","07","scrub",163,7,15,"15/07/2008",201
86.8177947998047,"2008","08","scrub",164,8,15,"15/08/2008",232
254.519348144531,"2008","09","scrub",165,9,15,"15/09/2008",263
54.3242111206055,"2008","10","scrub",166,10,15,"15/10/2008",293
22.8889617919922,"2008","11","scrub",167,11,15,"15/11/2008",324
15.3798961639404,"2008","12","scrub",168,12,15,"15/12/2008",354
13.3952693939209,"2009","01","scrub",169,1,15,"15/01/2009",20
13.7803640365601,"2009","02","scrub",170,2,15,"15/02/2009",51
63.0460472106934,"2009","03","scrub",171,3,15,"15/03/2009",79
32.6924057006836,"2009","04","scrub",172,4,15,"15/04/2009",110
120.392242431641,"2009","05","scrub",173,5,15,"15/05/2009",140
68.2248077392578,"2009","06","scrub",174,6,15,"15/06/2009",171
28.3617610931396,"2009","07","scrub",175,7,15,"15/07/2009",201
26.1318778991699,"2009","08","scrub",176,8,15,"15/08/2009",232
43.5139389038086,"2009","09","scrub",177,9,15,"15/09/2009",263
24.6895065307617,"2009","10","scrub",178,10,15,"15/10/2009",293
11.0084781646729,"2009","11","scrub",179,11,15,"15/11/2009",324
58.492862701416,"2009","12","scrub",180,12,15,"15/12/2009",354
24.5933704376221,"2010","01","scrub",181,1,15,"15/01/2010",20
26.6059226989746,"2010","02","scrub",182,2,15,"15/02/2010",51
32.9298706054688,"2010","03","scrub",183,3,15,"15/03/2010",79
69.2453918457031,"2010","04","scrub",184,4,15,"15/04/2010",110
75.6933441162109,"2010","05","scrub",185,5,15,"15/05/2010",140
83.0413818359375,"2010","06","scrub",186,6,15,"15/06/2010",171
85.1796417236328,"2010","07","scrub",187,7,15,"15/07/2010",201
36.4568061828613,"2010","08","scrub",188,8,15,"15/08/2010",232
74.746826171875,"2010","09","scrub",189,9,15,"15/09/2010",263
61.6181602478027,"2010","10","scrub",190,10,15,"15/10/2010",293
47.9700469970703,"2010","11","scrub",191,11,15,"15/11/2010",324
34.7857093811035,"2010","12","scrub",192,12,15,"15/12/2010",354
21.118480682373,"2011","01","scrub",193,1,15,"15/01/2011",20
13.5303649902344,"2011","02","scrub",194,2,15,"15/02/2011",51
28.4857902526855,"2011","03","scrub",195,3,15,"15/03/2011",79
26.7310066223145,"2011","04","scrub",196,4,15,"15/04/2011",110
65.3782958984375,"2011","05","scrub",197,5,15,"15/05/2011",140
86.4212951660156,"2011","06","scrub",198,6,15,"15/06/2011",171
51.0337409973145,"2011","07","scrub",199,7,15,"15/07/2011",201
83.2126159667969,"2011","08","scrub",200,8,15,"15/08/2011",232
60.971508026123,"2011","09","scrub",201,9,15,"15/09/2011",263
67.2988967895508,"2011","10","scrub",202,10,15,"15/10/2011",293
10.6294441223145,"2011","11","scrub",203,11,15,"15/11/2011",324
19.4407634735107,"2011","12","scrub",204,12,15,"15/12/2011",354
17.7946929931641,"2012","01","scrub",205,1,15,"15/01/2012",20
16.6891555786133,"2012","02","scrub",206,2,15,"15/02/2012",51
18.147331237793,"2012","03","scrub",207,3,15,"15/03/2012",79
72.1226119995117,"2012","04","scrub",208,4,15,"15/04/2012",110
67.6207809448242,"2012","05","scrub",209,5,15,"15/05/2012",140
30.2448120117188,"2012","06","scrub",210,6,15,"15/06/2012",171
24.0920295715332,"2012","07","scrub",211,7,15,"15/07/2012",201
150.916839599609,"2012","08","scrub",212,8,15,"15/08/2012",232
31.9450950622559,"2012","09","scrub",213,9,15,"15/09/2012",263
185.475204467773,"2012","10","scrub",214,10,15,"15/10/2012",293
16.5605220794678,"2012","11","scrub",215,11,15,"15/11/2012",324
18.6797122955322,"2012","12","scrub",216,12,15,"15/12/2012",354
24.4279079437256,"2013","01","scrub",217,1,15,"15/01/2013",20
14.4503145217896,"2013","02","scrub",218,2,15,"15/02/2013",51
33.109245300293,"2013","03","scrub",219,3,15,"15/03/2013",79
19.1957378387451,"2013","04","scrub",220,4,15,"15/04/2013",110
35.2081718444824,"2013","05","scrub",221,5,15,"15/05/2013",140
20.72971534729,"2013","06","scrub",222,6,15,"15/06/2013",171
36.9833450317383,"2013","07","scrub",223,7,15,"15/07/2013",201
16.0449275970459,"2013","08","scrub",224,8,15,"15/08/2013",232
50.1637191772461,"2013","09","scrub",225,9,15,"15/09/2013",263
49.0645599365234,"2013","10","scrub",226,10,15,"15/10/2013",293
21.2117958068848,"2013","11","scrub",227,11,15,"15/11/2013",324
13.139497756958,"2013","12","scrub",228,12,15,"15/12/2013",354
16.6376800537109,"2014","01","scrub",229,1,15,"15/01/2014",20
28.4939270019531,"2014","02","scrub",230,2,15,"15/02/2014",51
18.0874061584473,"2014","03","scrub",231,3,15,"15/03/2014",79
44.1634712219238,"2014","04","scrub",232,4,15,"15/04/2014",110
24.16139793396,"2014","05","scrub",233,5,15,"15/05/2014",140
14.2327136993408,"2014","06","scrub",234,6,15,"15/06/2014",171
12.2650289535522,"2014","07","scrub",235,7,15,"15/07/2014",201
57.2352600097656,"2014","08","scrub",236,8,15,"15/08/2014",232
46.5737075805664,"2014","09","scrub",237,9,15,"15/09/2014",263
19.5160980224609,"2014","10","scrub",238,10,15,"15/10/2014",293
14.8916692733765,"2014","11","scrub",239,11,15,"15/11/2014",324
19.3869361877441,"2014","12","scrub",240,12,15,"15/12/2014",354
19.4993209838867,"2015","01","scrub",241,1,15,"15/01/2015",20
41.685676574707,"2015","02","scrub",242,2,15,"15/02/2015",51
26.8676643371582,"2015","03","scrub",243,3,15,"15/03/2015",79
35.9922790527344,"2015","04","scrub",244,4,15,"15/04/2015",110
17.8849315643311,"2015","05","scrub",245,5,15,"15/05/2015",140
8.48958587646484,"2015","06","scrub",246,6,15,"15/06/2015",171
11.1998558044434,"2015","07","scrub",247,7,15,"15/07/2015",201
20.0966930389404,"2015","08","scrub",248,8,15,"15/08/2015",232
31.2887878417969,"2015","09","scrub",249,9,15,"15/09/2015",263
38.0389060974121,"2015","10","scrub",250,10,15,"15/10/2015",293
48.6311340332031,"2015","11","scrub",251,11,15,"15/11/2015",324
18.4185810089111,"2015","12","scrub",252,12,15,"15/12/2015",354
15.1859560012817,"2016","01","scrub",253,1,15,"15/01/2016",20
18.1851844787598,"2016","02","scrub",254,2,15,"15/02/2016",51
33.0070419311523,"2016","03","scrub",255,3,15,"15/03/2016",79
83.9400482177734,"2016","04","scrub",256,4,15,"15/04/2016",110
65.4165344238281,"2016","05","scrub",257,5,15,"15/05/2016",140
27.6759796142578,"2016","06","scrub",258,6,15,"15/06/2016",171
24.6837196350098,"2016","07","scrub",259,7,15,"15/07/2016",201
29.4256553649902,"2016","08","scrub",260,8,15,"15/08/2016",232
40.3437118530273,"2016","09","scrub",261,9,15,"15/09/2016",263
111.156929016113,"2016","10","scrub",262,10,15,"15/10/2016",293
68.8570556640625,"2016","11","scrub",263,11,15,"15/11/2016",324
30.4419345855713,"2016","12","scrub",264,12,15,"15/12/2016",354
14.325496673584,"2017","01","scrub",265,1,15,"15/01/2017",20
16.7237224578857,"2017","02","scrub",266,2,15,"15/02/2017",51
55.8849487304688,"2017","03","scrub",267,3,15,"15/03/2017",79
78.2695465087891,"2017","04","scrub",268,4,15,"15/04/2017",110
74.5579833984375,"2017","05","scrub",269,5,15,"15/05/2017",140
NA,NA,NA,NA,NA,NA,NA,NA,NA
16.6565361022949,"1995","01","broadleaf",1,1,15,"15/01/1995",19
17.752067565918,"1995","02","broadleaf",2,2,15,"15/02/1995",50
28.3646965026855,"1995","03","broadleaf",3,3,15,"15/03/1995",78
41.6011657714844,"1995","04","broadleaf",4,4,15,"15/04/1995",109
60.7139205932617,"1995","05","broadleaf",5,5,15,"15/05/1995",139
31.0114097595215,"1995","06","broadleaf",6,6,15,"15/06/1995",170
57.0683403015137,"1995","07","broadleaf",7,7,15,"15/07/1995",200
100.958801269531,"1995","08","broadleaf",8,8,15,"15/08/1995",231
65.3570098876953,"1995","09","broadleaf",9,9,15,"15/09/1995",262
134.120727539062,"1995","10","broadleaf",10,10,15,"15/10/1995",292
30.4129295349121,"1995","11","broadleaf",11,11,15,"15/11/1995",323
24.6172256469727,"1995","12","broadleaf",12,12,15,"15/12/1995",353
16.6565284729004,"1996","01","broadleaf",13,1,15,"15/01/1996",19
19.5861110687256,"1996","02","broadleaf",14,2,15,"15/02/1996",50
36.8099327087402,"1996","03","broadleaf",15,3,15,"15/03/1996",78
73.0743255615234,"1996","04","broadleaf",16,4,15,"15/04/1996",109
90.4870529174805,"1996","05","broadleaf",17,5,15,"15/05/1996",139
52.768180847168,"1996","06","broadleaf",18,6,15,"15/06/1996",170
45.7076797485352,"1996","07","broadleaf",19,7,15,"15/07/1996",200
39.905517578125,"1996","08","broadleaf",20,8,15,"15/08/1996",231
122.522857666016,"1996","09","broadleaf",21,9,15,"15/09/1996",262
152.909210205078,"1996","10","broadleaf",22,10,15,"15/10/1996",292
84.5931930541992,"1996","11","broadleaf",23,11,15,"15/11/1996",323
22.9166107177734,"1996","12","broadleaf",24,12,15,"15/12/1996",353
16.6565284729004,"1997","01","broadleaf",25,1,15,"15/01/1997",19
17.752067565918,"1997","02","broadleaf",26,2,15,"15/02/1997",50
28.8828716278076,"1997","03","broadleaf",27,3,15,"15/03/1997",78
45.9659729003906,"1997","04","broadleaf",28,4,15,"15/04/1997",109
29.8187637329102,"1997","05","broadleaf",29,5,15,"15/05/1997",139
57.1253128051758,"1997","06","broadleaf",30,6,15,"15/06/1997",170
28.8316097259521,"1997","07","broadleaf",31,7,15,"15/07/1997",200
41.3987579345703,"1997","08","broadleaf",32,8,15,"15/08/1997",231
63.8422393798828,"1997","09","broadleaf",33,9,15,"15/09/1997",262
131.293914794922,"1997","10","broadleaf",34,10,15,"15/10/1997",292
82.9997253417969,"1997","11","broadleaf",35,11,15,"15/11/1997",323
12.6514472961426,"1997","12","broadleaf",36,12,15,"15/12/1997",353
16.6565284729004,"1998","01","broadleaf",37,1,15,"15/01/1998",19
17.752067565918,"1998","02","broadleaf",38,2,15,"15/02/1998",50
28.136438369751,"1998","03","broadleaf",39,3,15,"15/03/1998",78
80.7675552368164,"1998","04","broadleaf",40,4,15,"15/04/1998",109
99.583625793457,"1998","05","broadleaf",41,5,15,"15/05/1998",139
38.4134140014648,"1998","06","broadleaf",42,6,15,"15/06/1998",170
43.1800117492676,"1998","07","broadleaf",43,7,15,"15/07/1998",200
47.6601104736328,"1998","08","broadleaf",44,8,15,"15/08/1998",231
261.297973632812,"1998","09","broadleaf",45,9,15,"15/09/1998",262
46.9962501525879,"1998","10","broadleaf",46,10,15,"15/10/1998",292
20.1404418945312,"1998","11","broadleaf",47,11,15,"15/11/1998",323
35.7703819274902,"1998","12","broadleaf",48,12,15,"15/12/1998",353
16.6565284729004,"1999","01","broadleaf",49,1,15,"15/01/1999",19
17.752067565918,"1999","02","broadleaf",50,2,15,"15/02/1999",50
40.4954528808594,"1999","03","broadleaf",51,3,15,"15/03/1999",78
53.3939056396484,"1999","04","broadleaf",52,4,15,"15/04/1999",109
29.6382579803467,"1999","05","broadleaf",53,5,15,"15/05/1999",139
70.8986434936523,"1999","06","broadleaf",54,6,15,"15/06/1999",170
29.7952575683594,"1999","07","broadleaf",55,7,15,"15/07/1999",200
36.8993644714355,"1999","08","broadleaf",56,8,15,"15/08/1999",231
115.377853393555,"1999","09","broadleaf",57,9,15,"15/09/1999",262
108.42781829834,"1999","10","broadleaf",58,10,15,"15/10/1999",292
151.448577880859,"1999","11","broadleaf",59,11,15,"15/11/1999",323
12.4927253723145,"1999","12","broadleaf",60,12,15,"15/12/1999",353
11.9393167495728,"2000","01","broadleaf",61,1,15,"15/01/2000",20
17.9970397949219,"2000","02","broadleaf",62,2,15,"15/02/2000",51
13.9674196243286,"2000","03","broadleaf",63,3,15,"15/03/2000",79
36.1041488647461,"2000","04","broadleaf",64,4,15,"15/04/2000",110
36.5358123779297,"2000","05","broadleaf",65,5,15,"15/05/2000",140
25.0819320678711,"2000","06","broadleaf",66,6,15,"15/06/2000",171
26.958911895752,"2000","07","broadleaf",67,7,15,"15/07/2000",201
42.2726821899414,"2000","08","broadleaf",68,8,15,"15/08/2000",232
112.482086181641,"2000","09","broadleaf",69,9,15,"15/09/2000",263
51.9684753417969,"2000","10","broadleaf",70,10,15,"15/10/2000",293
33.2866630554199,"2000","11","broadleaf",71,11,15,"15/11/2000",324
27.3229789733887,"2000","12","broadleaf",72,12,15,"15/12/2000",354
16.6565380096436,"2001","01","broadleaf",73,1,15,"15/01/2001",20
17.752067565918,"2001","02","broadleaf",74,2,15,"15/02/2001",51
19.9264812469482,"2001","03","broadleaf",75,3,15,"15/03/2001",79
29.8061943054199,"2001","04","broadleaf",76,4,15,"15/04/2001",110
162.923950195312,"2001","05","broadleaf",77,5,15,"15/05/2001",140
13.4326219558716,"2001","06","broadleaf",78,6,15,"15/06/2001",171
53.3785095214844,"2001","07","broadleaf",79,7,15,"15/07/2001",201
22.3050270080566,"2001","08","broadleaf",80,8,15,"15/08/2001",232
113.220527648926,"2001","09","broadleaf",81,9,15,"15/09/2001",263
95.5240325927734,"2001","10","broadleaf",82,10,15,"15/10/2001",293
27.0207557678223,"2001","11","broadleaf",83,11,15,"15/11/2001",324
18.3344783782959,"2001","12","broadleaf",84,12,15,"15/12/2001",354
11.2830629348755,"2002","01","broadleaf",85,1,15,"15/01/2002",20
18.3670959472656,"2002","02","broadleaf",86,2,15,"15/02/2002",51
13.9709167480469,"2002","03","broadleaf",87,3,15,"15/03/2002",79
80.6901550292969,"2002","04","broadleaf",88,4,15,"15/04/2002",110
56.944278717041,"2002","05","broadleaf",89,5,15,"15/05/2002",140
47.2554359436035,"2002","06","broadleaf",90,6,15,"15/06/2002",171
19.1578845977783,"2002","07","broadleaf",91,7,15,"15/07/2002",201
34.2219429016113,"2002","08","broadleaf",92,8,15,"15/08/2002",232
134.677703857422,"2002","09","broadleaf",93,9,15,"15/09/2002",263
27.6781234741211,"2002","10","broadleaf",94,10,15,"15/10/2002",293
26.247652053833,"2002","11","broadleaf",95,11,15,"15/11/2002",324
20.4759826660156,"2002","12","broadleaf",96,12,15,"15/12/2002",354
13.8661212921143,"2003","01","broadleaf",97,1,15,"15/01/2003",20
10.8026714324951,"2003","02","broadleaf",98,2,15,"15/02/2003",51
15.7180604934692,"2003","03","broadleaf",99,3,15,"15/03/2003",79
122.673789978027,"2003","04","broadleaf",100,4,15,"15/04/2003",110
26.0267238616943,"2003","05","broadleaf",101,5,15,"15/05/2003",140
34.4177703857422,"2003","06","broadleaf",102,6,15,"15/06/2003",171
47.4057693481445,"2003","07","broadleaf",103,7,15,"15/07/2003",201
83.6369934082031,"2003","08","broadleaf",104,8,15,"15/08/2003",232
45.381706237793,"2003","09","broadleaf",105,9,15,"15/09/2003",263
97.4541931152344,"2003","10","broadleaf",106,10,15,"15/10/2003",293
34.3315505981445,"2003","11","broadleaf",107,11,15,"15/11/2003",324
38.3114051818848,"2003","12","broadleaf",108,12,15,"15/12/2003",354
11.6275272369385,"2004","01","broadleaf",109,1,15,"15/01/2004",20
27.402437210083,"2004","02","broadleaf",110,2,15,"15/02/2004",51
21.6749153137207,"2004","03","broadleaf",111,3,15,"15/03/2004",79
62.4754905700684,"2004","04","broadleaf",112,4,15,"15/04/2004",110
123.531089782715,"2004","05","broadleaf",113,5,15,"15/05/2004",140
20.4569187164307,"2004","06","broadleaf",114,6,15,"15/06/2004",171
40.1083946228027,"2004","07","broadleaf",115,7,15,"15/07/2004",201
31.4675788879395,"2004","08","broadleaf",116,8,15,"15/08/2004",232
162.962738037109,"2004","09","broadleaf",117,9,15,"15/09/2004",263
74.7612915039062,"2004","10","broadleaf",118,10,15,"15/10/2004",293
22.4724159240723,"2004","11","broadleaf",119,11,15,"15/11/2004",324
20.6870136260986,"2004","12","broadleaf",120,12,15,"15/12/2004",354
8.02815055847168,"2005","01","broadleaf",121,1,15,"15/01/2005",20
7.25305557250977,"2005","02","broadleaf",122,2,15,"15/02/2005",51
10.8106632232666,"2005","03","broadleaf",123,3,15,"15/03/2005",79
38.2555465698242,"2005","04","broadleaf",124,4,15,"15/04/2005",110
153.332077026367,"2005","05","broadleaf",125,5,15,"15/05/2005",140
118.104553222656,"2005","06","broadleaf",126,6,15,"15/06/2005",171
38.8449897766113,"2005","07","broadleaf",127,7,15,"15/07/2005",201
66.4285888671875,"2005","08","broadleaf",128,8,15,"15/08/2005",232
90.0316314697266,"2005","09","broadleaf",129,9,15,"15/09/2005",263
210.666290283203,"2005","10","broadleaf",130,10,15,"15/10/2005",293
43.9753036499023,"2005","11","broadleaf",131,11,15,"15/11/2005",324
14.6259174346924,"2005","12","broadleaf",132,12,15,"15/12/2005",354
16.6565551757812,"2006","01","broadleaf",133,1,15,"15/01/2006",20
9.64749050140381,"2006","02","broadleaf",134,2,15,"15/02/2006",51
24.7440757751465,"2006","03","broadleaf",135,3,15,"15/03/2006",79
29.5502662658691,"2006","04","broadleaf",136,4,15,"15/04/2006",110
32.3321189880371,"2006","05","broadleaf",137,5,15,"15/05/2006",140
52.1036796569824,"2006","06","broadleaf",138,6,15,"15/06/2006",171
31.3313159942627,"2006","07","broadleaf",139,7,15,"15/07/2006",201
61.5681076049805,"2006","08","broadleaf",140,8,15,"15/08/2006",232
56.2297821044922,"2006","09","broadleaf",141,9,15,"15/09/2006",263
58.578254699707,"2006","10","broadleaf",142,10,15,"15/10/2006",293
37.4235153198242,"2006","11","broadleaf",143,11,15,"15/11/2006",324
10.0872974395752,"2006","12","broadleaf",144,12,15,"15/12/2006",354
11.8318309783936,"2007","01","broadleaf",145,1,15,"15/01/2007",20
8.39524078369141,"2007","02","broadleaf",146,2,15,"15/02/2007",51
33.9697265625,"2007","03","broadleaf",147,3,15,"15/03/2007",79
44.9259719848633,"2007","04","broadleaf",148,4,15,"15/04/2007",110
85.4254760742188,"2007","05","broadleaf",149,5,15,"15/05/2007",140
41.8515205383301,"2007","06","broadleaf",150,6,15,"15/06/2007",171
29.7094535827637,"2007","07","broadleaf",151,7,15,"15/07/2007",201
59.1913757324219,"2007","08","broadleaf",152,8,15,"15/08/2007",232
42.8949508666992,"2007","09","broadleaf",153,9,15,"15/09/2007",263
133.330993652344,"2007","10","broadleaf",154,10,15,"15/10/2007",293
63.4245376586914,"2007","11","broadleaf",155,11,15,"15/11/2007",324
23.9586753845215,"2007","12","broadleaf",156,12,15,"15/12/2007",354
7.62643051147461,"2008","01","broadleaf",157,1,15,"15/01/2008",20
13.591703414917,"2008","02","broadleaf",158,2,15,"15/02/2008",51
12.290376663208,"2008","03","broadleaf",159,3,15,"15/03/2008",79
57.8484382629395,"2008","04","broadleaf",160,4,15,"15/04/2008",110
41.4537887573242,"2008","05","broadleaf",161,5,15,"15/05/2008",140
54.9799957275391,"2008","06","broadleaf",162,6,15,"15/06/2008",171
23.6969337463379,"2008","07","broadleaf",163,7,15,"15/07/2008",201
85.2749633789062,"2008","08","broadleaf",164,8,15,"15/08/2008",232
282.272918701172,"2008","09","broadleaf",165,9,15,"15/09/2008",263
57.5786209106445,"2008","10","broadleaf",166,10,15,"15/10/2008",293
41.8871688842773,"2008","11","broadleaf",167,11,15,"15/11/2008",324
11.3499555587769,"2008","12","broadleaf",168,12,15,"15/12/2008",354
8.16078758239746,"2009","01","broadleaf",169,1,15,"15/01/2009",20
8.72387027740479,"2009","02","broadleaf",170,2,15,"15/02/2009",51
47.2506484985352,"2009","03","broadleaf",171,3,15,"15/03/2009",79
38.7153854370117,"2009","04","broadleaf",172,4,15,"15/04/2009",110
142.765625,"2009","05","broadleaf",173,5,15,"15/05/2009",140
88.0042724609375,"2009","06","broadleaf",174,6,15,"15/06/2009",171
27.6949729919434,"2009","07","broadleaf",175,7,15,"15/07/2009",201
32.4995346069336,"2009","08","broadleaf",176,8,15,"15/08/2009",232
56.2948341369629,"2009","09","broadleaf",177,9,15,"15/09/2009",263
26.7154731750488,"2009","10","broadleaf",178,10,15,"15/10/2009",293
21.1617965698242,"2009","11","broadleaf",179,11,15,"15/11/2009",324
41.4953308105469,"2009","12","broadleaf",180,12,15,"15/12/2009",354
15.4024600982666,"2010","01","broadleaf",181,1,15,"15/01/2010",20
17.7874450683594,"2010","02","broadleaf",182,2,15,"15/02/2010",51
24.9032402038574,"2010","03","broadleaf",183,3,15,"15/03/2010",79
75.1738662719727,"2010","04","broadleaf",184,4,15,"15/04/2010",110
95.7876586914062,"2010","05","broadleaf",185,5,15,"15/05/2010",140
100.893928527832,"2010","06","broadleaf",186,6,15,"15/06/2010",171
86.4938812255859,"2010","07","broadleaf",187,7,15,"15/07/2010",201
43.1772537231445,"2010","08","broadleaf",188,8,15,"15/08/2010",232
80.4169464111328,"2010","09","broadleaf",189,9,15,"15/09/2010",263
61.613639831543,"2010","10","broadleaf",190,10,15,"15/10/2010",293
73.1483001708984,"2010","11","broadleaf",191,11,15,"15/11/2010",324
22.9452342987061,"2010","12","broadleaf",192,12,15,"15/12/2010",354
17.4145545959473,"2011","01","broadleaf",193,1,15,"15/01/2011",20
8.63278198242188,"2011","02","broadleaf",194,2,15,"15/02/2011",51
23.3995170593262,"2011","03","broadleaf",195,3,15,"15/03/2011",79
30.7393779754639,"2011","04","broadleaf",196,4,15,"15/04/2011",110
83.0219802856445,"2011","05","broadleaf",197,5,15,"15/05/2011",140
122.850776672363,"2011","06","broadleaf",198,6,15,"15/06/2011",171
50.5290603637695,"2011","07","broadleaf",199,7,15,"15/07/2011",201
91.2675247192383,"2011","08","broadleaf",200,8,15,"15/08/2011",232
78.1013107299805,"2011","09","broadleaf",201,9,15,"15/09/2011",263
71.2873229980469,"2011","10","broadleaf",202,10,15,"15/10/2011",293
19.5009155273438,"2011","11","broadleaf",203,11,15,"15/11/2011",324
14.3998146057129,"2011","12","broadleaf",204,12,15,"15/12/2011",354
11.3334541320801,"2012","01","broadleaf",205,1,15,"15/01/2012",20
10.5338745117188,"2012","02","broadleaf",206,2,15,"15/02/2012",51
13.456597328186,"2012","03","broadleaf",207,3,15,"15/03/2012",79
77.4344329833984,"2012","04","broadleaf",208,4,15,"15/04/2012",110
81.7141189575195,"2012","05","broadleaf",209,5,15,"15/05/2012",140
35.9665718078613,"2012","06","broadleaf",210,6,15,"15/06/2012",171
24.3938636779785,"2012","07","broadleaf",211,7,15,"15/07/2012",201
146.775344848633,"2012","08","broadleaf",212,8,15,"15/08/2012",232
42.7287521362305,"2012","09","broadleaf",213,9,15,"15/09/2012",263
211.083679199219,"2012","10","broadleaf",214,10,15,"15/10/2012",293
26.6486377716064,"2012","11","broadleaf",215,11,15,"15/11/2012",324
13.4379253387451,"2012","12","broadleaf",216,12,15,"15/12/2012",354
16.8443775177002,"2013","01","broadleaf",217,1,15,"15/01/2013",20
8.85327053070068,"2013","02","broadleaf",218,2,15,"15/02/2013",51
25.992015838623,"2013","03","broadleaf",219,3,15,"15/03/2013",79
19.3460006713867,"2013","04","broadleaf",220,4,15,"15/04/2013",110
47.1021537780762,"2013","05","broadleaf",221,5,15,"15/05/2013",140
28.863338470459,"2013","06","broadleaf",222,6,15,"15/06/2013",171
40.4043273925781,"2013","07","broadleaf",223,7,15,"15/07/2013",201
26.3011474609375,"2013","08","broadleaf",224,8,15,"15/08/2013",232
65.5687026977539,"2013","09","broadleaf",225,9,15,"15/09/2013",263
67.54638671875,"2013","10","broadleaf",226,10,15,"15/10/2013",293
30.8194351196289,"2013","11","broadleaf",227,11,15,"15/11/2013",324
9.67516040802002,"2013","12","broadleaf",228,12,15,"15/12/2013",354
11.3482961654663,"2014","01","broadleaf",229,1,15,"15/01/2014",20
18.4103965759277,"2014","02","broadleaf",230,2,15,"15/02/2014",51
15.5814847946167,"2014","03","broadleaf",231,3,15,"15/03/2014",79
44.3678359985352,"2014","04","broadleaf",232,4,15,"15/04/2014",110
31.9484214782715,"2014","05","broadleaf",233,5,15,"15/05/2014",140
15.2002849578857,"2014","06","broadleaf",234,6,15,"15/06/2014",171
11.9505805969238,"2014","07","broadleaf",235,7,15,"15/07/2014",201
56.1921691894531,"2014","08","broadleaf",236,8,15,"15/08/2014",232
64.1118392944336,"2014","09","broadleaf",237,9,15,"15/09/2014",263
30.3392181396484,"2014","10","broadleaf",238,10,15,"15/10/2014",293
25.2235870361328,"2014","11","broadleaf",239,11,15,"15/11/2014",324
14.7056503295898,"2014","12","broadleaf",240,12,15,"15/12/2014",354
13.2019424438477,"2015","01","broadleaf",241,1,15,"15/01/2015",20
27.2631607055664,"2015","02","broadleaf",242,2,15,"15/02/2015",51
18.7045860290527,"2015","03","broadleaf",243,3,15,"15/03/2015",79
35.4365692138672,"2015","04","broadleaf",244,4,15,"15/04/2015",110
20.7096500396729,"2015","05","broadleaf",245,5,15,"15/05/2015",140
13.4963226318359,"2015","06","broadleaf",246,6,15,"15/06/2015",171
11.3041648864746,"2015","07","broadleaf",247,7,15,"15/07/2015",201
21.4645328521729,"2015","08","broadleaf",248,8,15,"15/08/2015",232
46.7218933105469,"2015","09","broadleaf",249,9,15,"15/09/2015",263
41.8185234069824,"2015","10","broadleaf",250,10,15,"15/10/2015",293
74.5593338012695,"2015","11","broadleaf",251,11,15,"15/11/2015",324
14.5531282424927,"2015","12","broadleaf",252,12,15,"15/12/2015",354
10.1282787322998,"2016","01","broadleaf",253,1,15,"15/01/2016",20
11.3395662307739,"2016","02","broadleaf",254,2,15,"15/02/2016",51
25.0975322723389,"2016","03","broadleaf",255,3,15,"15/03/2016",79
85.5369110107422,"2016","04","broadleaf",256,4,15,"15/04/2016",110
77.175407409668,"2016","05","broadleaf",257,5,15,"15/05/2016",140
32.134708404541,"2016","06","broadleaf",258,6,15,"15/06/2016",171
25.6176414489746,"2016","07","broadleaf",259,7,15,"15/07/2016",201
31.6729393005371,"2016","08","broadleaf",260,8,15,"15/08/2016",232
59.3855056762695,"2016","09","broadleaf",261,9,15,"15/09/2016",263
135.105438232422,"2016","10","broadleaf",262,10,15,"15/10/2016",293
119.557022094727,"2016","11","broadleaf",263,11,15,"15/11/2016",324
23.5724143981934,"2016","12","broadleaf",264,12,15,"15/12/2016",354
9.06469917297363,"2017","01","broadleaf",265,1,15,"15/01/2017",20
10.3863458633423,"2017","02","broadleaf",266,2,15,"15/02/2017",51
41.188232421875,"2017","03","broadleaf",267,3,15,"15/03/2017",79
80.1630554199219,"2017","04","broadleaf",268,4,15,"15/04/2017",110
87.637321472168,"2017","05","broadleaf",269,5,15,"15/05/2017",140
NA,NA,NA,NA,NA,NA,NA,NA,NA
15.9646492004395,"1995","01","Lloyd",1,1,15,"15/01/1995",19
18.7028484344482,"1995","02","Lloyd",2,2,15,"15/02/1995",50
36.9123649597168,"1995","03","Lloyd",3,3,15,"15/03/1995",78
52.5814933776855,"1995","04","Lloyd",4,4,15,"15/04/1995",109
129.063171386719,"1995","05","Lloyd",5,5,15,"15/05/1995",139
53.360294342041,"1995","06","Lloyd",6,6,15,"15/06/1995",170
135.85466003418,"1995","07","Lloyd",7,7,15,"15/07/1995",200
169.524185180664,"1995","08","Lloyd",8,8,15,"15/08/1995",231
135.845458984375,"1995","09","Lloyd",9,9,15,"15/09/1995",262
278.847442626953,"1995","10","Lloyd",10,10,15,"15/10/1995",292
23.7845268249512,"1995","11","Lloyd",11,11,15,"15/11/1995",323
42.2125511169434,"1995","12","Lloyd",12,12,15,"15/12/1995",353
15.9324617385864,"1996","01","Lloyd",13,1,15,"15/01/1996",19
27.9857387542725,"1996","02","Lloyd",14,2,15,"15/02/1996",50
55.2735786437988,"1996","03","Lloyd",15,3,15,"15/03/1996",78
127.776489257812,"1996","04","Lloyd",16,4,15,"15/04/1996",109
214.694091796875,"1996","05","Lloyd",17,5,15,"15/05/1996",139
84.3978118896484,"1996","06","Lloyd",18,6,15,"15/06/1996",170
76.4809875488281,"1996","07","Lloyd",19,7,15,"15/07/1996",200
129.206298828125,"1996","08","Lloyd",20,8,15,"15/08/1996",231
266.224731445312,"1996","09","Lloyd",21,9,15,"15/09/1996",262
232.901397705078,"1996","10","Lloyd",22,10,15,"15/10/1996",292
99.1733779907227,"1996","11","Lloyd",23,11,15,"15/11/1996",323
34.3746223449707,"1996","12","Lloyd",24,12,15,"15/12/1996",353
15.9324617385864,"1997","01","Lloyd",25,1,15,"15/01/1997",19
18.7028484344482,"1997","02","Lloyd",26,2,15,"15/02/1997",50
37.3798141479492,"1997","03","Lloyd",27,3,15,"15/03/1997",78
58.1839981079102,"1997","04","Lloyd",28,4,15,"15/04/1997",109
82.0296325683594,"1997","05","Lloyd",29,5,15,"15/05/1997",139
85.0274047851562,"1997","06","Lloyd",30,6,15,"15/06/1997",170
65.0414047241211,"1997","07","Lloyd",31,7,15,"15/07/1997",200
102.870162963867,"1997","08","Lloyd",32,8,15,"15/08/1997",231
104.259201049805,"1997","09","Lloyd",33,9,15,"15/09/1997",262
246.567718505859,"1997","10","Lloyd",34,10,15,"15/10/1997",292
126.837814331055,"1997","11","Lloyd",35,11,15,"15/11/1997",323
17.3309593200684,"1997","12","Lloyd",36,12,15,"15/12/1997",353
23.2747383117676,"1998","01","Lloyd",37,1,15,"15/01/1998",19
20.872615814209,"1998","02","Lloyd",38,2,15,"15/02/1998",50
46.9930419921875,"1998","03","Lloyd",39,3,15,"15/03/1998",78
103.784019470215,"1998","04","Lloyd",40,4,15,"15/04/1998",109
223.301818847656,"1998","05","Lloyd",41,5,15,"15/05/1998",139
66.1083068847656,"1998","06","Lloyd",42,6,15,"15/06/1998",170
67.2596740722656,"1998","07","Lloyd",43,7,15,"15/07/1998",200
121.469863891602,"1998","08","Lloyd",44,8,15,"15/08/1998",231
490.305450439453,"1998","09","Lloyd",45,9,15,"15/09/1998",262
122.759323120117,"1998","10","Lloyd",46,10,15,"15/10/1998",292
25.5692520141602,"1998","11","Lloyd",47,11,15,"15/11/1998",323
52.7931594848633,"1998","12","Lloyd",48,12,15,"15/12/1998",353
25.0256004333496,"1999","01","Lloyd",49,1,15,"15/01/1999",19
18.7028484344482,"1999","02","Lloyd",50,2,15,"15/02/1999",50
53.0734596252441,"1999","03","Lloyd",51,3,15,"15/03/1999",78
55.435474395752,"1999","04","Lloyd",52,4,15,"15/04/1999",109
76.0852355957031,"1999","05","Lloyd",53,5,15,"15/05/1999",139
109.500091552734,"1999","06","Lloyd",54,6,15,"15/06/1999",170
52.8625068664551,"1999","07","Lloyd",55,7,15,"15/07/1999",200
96.0390777587891,"1999","08","Lloyd",56,8,15,"15/08/1999",231
192.644943237305,"1999","09","Lloyd",57,9,15,"15/09/1999",262
211.998107910156,"1999","10","Lloyd",58,10,15,"15/10/1999",292
206.562774658203,"1999","11","Lloyd",59,11,15,"15/11/1999",323
24.5076026916504,"1999","12","Lloyd",60,12,15,"15/12/1999",353
10.8079128265381,"2000","01","Lloyd",61,1,15,"15/01/2000",20
18.9929428100586,"2000","02","Lloyd",62,2,15,"15/02/2000",51
18.832103729248,"2000","03","Lloyd",63,3,15,"15/03/2000",79
45.5558319091797,"2000","04","Lloyd",64,4,15,"15/04/2000",110
88.33056640625,"2000","05","Lloyd",65,5,15,"15/05/2000",140
38.0690269470215,"2000","06","Lloyd",66,6,15,"15/06/2000",171
47.4759750366211,"2000","07","Lloyd",67,7,15,"15/07/2000",201
135.760726928711,"2000","08","Lloyd",68,8,15,"15/08/2000",232
210.553802490234,"2000","09","Lloyd",69,9,15,"15/09/2000",263
115.849105834961,"2000","10","Lloyd",70,10,15,"15/10/2000",293
42.9152641296387,"2000","11","Lloyd",71,11,15,"15/11/2000",324
39.3244476318359,"2000","12","Lloyd",72,12,15,"15/12/2000",354
16.0299053192139,"2001","01","Lloyd",73,1,15,"15/01/2001",20
18.308967590332,"2001","02","Lloyd",74,2,15,"15/02/2001",51
25.4854373931885,"2001","03","Lloyd",75,3,15,"15/03/2001",79
40.3570785522461,"2001","04","Lloyd",76,4,15,"15/04/2001",110
299.731689453125,"2001","05","Lloyd",77,5,15,"15/05/2001",140
24.0082473754883,"2001","06","Lloyd",78,6,15,"15/06/2001",171
92.4653549194336,"2001","07","Lloyd",79,7,15,"15/07/2001",201
53.7899856567383,"2001","08","Lloyd",80,8,15,"15/08/2001",232
213.380584716797,"2001","09","Lloyd",81,9,15,"15/09/2001",263
193.470352172852,"2001","10","Lloyd",82,10,15,"15/10/2001",293
31.870979309082,"2001","11","Lloyd",83,11,15,"15/11/2001",324
33.0764503479004,"2001","12","Lloyd",84,12,15,"15/12/2001",354
10.4422245025635,"2002","01","Lloyd",85,1,15,"15/01/2002",20
19.6009464263916,"2002","02","Lloyd",86,2,15,"15/02/2002",51
18.716625213623,"2002","03","Lloyd",87,3,15,"15/03/2002",79
122.477508544922,"2002","04","Lloyd",88,4,15,"15/04/2002",110
93.6510543823242,"2002","05","Lloyd",89,5,15,"15/05/2002",140
64.9287796020508,"2002","06","Lloyd",90,6,15,"15/06/2002",171
36.7340087890625,"2002","07","Lloyd",91,7,15,"15/07/2002",201
92.7263031005859,"2002","08","Lloyd",92,8,15,"15/08/2002",232
233.911193847656,"2002","09","Lloyd",93,9,15,"15/09/2002",263
80.2960968017578,"2002","10","Lloyd",94,10,15,"15/10/2002",293
30.974365234375,"2002","11","Lloyd",95,11,15,"15/11/2002",324
29.4799575805664,"2002","12","Lloyd",96,12,15,"15/12/2002",354
12.8655862808228,"2003","01","Lloyd",97,1,15,"15/01/2003",20
10.7859115600586,"2003","02","Lloyd",98,2,15,"15/02/2003",51
20.163875579834,"2003","03","Lloyd",99,3,15,"15/03/2003",79
152.511138916016,"2003","04","Lloyd",100,4,15,"15/04/2003",110
44.847827911377,"2003","05","Lloyd",101,5,15,"15/05/2003",140
48.2402458190918,"2003","06","Lloyd",102,6,15,"15/06/2003",171
108.22932434082,"2003","07","Lloyd",103,7,15,"15/07/2003",201
181.541290283203,"2003","08","Lloyd",104,8,15,"15/08/2003",232
95.1595001220703,"2003","09","Lloyd",105,9,15,"15/09/2003",263
206.4736328125,"2003","10","Lloyd",106,10,15,"15/10/2003",293
48.7217674255371,"2003","11","Lloyd",107,11,15,"15/11/2003",324
54.3645248413086,"2003","12","Lloyd",108,12,15,"15/12/2003",354
10.6153106689453,"2004","01","Lloyd",109,1,15,"15/01/2004",20
29.5589046478271,"2004","02","Lloyd",110,2,15,"15/02/2004",51
29.6629257202148,"2004","03","Lloyd",111,3,15,"15/03/2004",79
75.4651336669922,"2004","04","Lloyd",112,4,15,"15/04/2004",110
272.012603759766,"2004","05","Lloyd",113,5,15,"15/05/2004",140
30.1334953308105,"2004","06","Lloyd",114,6,15,"15/06/2004",171
75.6097106933594,"2004","07","Lloyd",115,7,15,"15/07/2004",201
78.2519912719727,"2004","08","Lloyd",116,8,15,"15/08/2004",232
253.222534179688,"2004","09","Lloyd",117,9,15,"15/09/2004",263
159.545318603516,"2004","10","Lloyd",118,10,15,"15/10/2004",293
25.1557998657227,"2004","11","Lloyd",119,11,15,"15/11/2004",324
29.8781661987305,"2004","12","Lloyd",120,12,15,"15/12/2004",354
7.67094039916992,"2005","01","Lloyd",121,1,15,"15/01/2005",20
7.09433317184448,"2005","02","Lloyd",122,2,15,"15/02/2005",51
13.6632289886475,"2005","03","Lloyd",123,3,15,"15/03/2005",79
50.8157386779785,"2005","04","Lloyd",124,4,15,"15/04/2005",110
298.277618408203,"2005","05","Lloyd",125,5,15,"15/05/2005",140
174.148651123047,"2005","06","Lloyd",126,6,15,"15/06/2005",171
64.8714218139648,"2005","07","Lloyd",127,7,15,"15/07/2005",201
127.150054931641,"2005","08","Lloyd",128,8,15,"15/08/2005",232
156.168548583984,"2005","09","Lloyd",129,9,15,"15/09/2005",263
404.485412597656,"2005","10","Lloyd",130,10,15,"15/10/2005",293
68.5149002075195,"2005","11","Lloyd",131,11,15,"15/11/2005",324
22.1676654815674,"2005","12","Lloyd",132,12,15,"15/12/2005",354
19.9652042388916,"2006","01","Lloyd",133,1,15,"15/01/2006",20
9.81723403930664,"2006","02","Lloyd",134,2,15,"15/02/2006",51
32.7224769592285,"2006","03","Lloyd",135,3,15,"15/03/2006",79
49.5078353881836,"2006","04","Lloyd",136,4,15,"15/04/2006",110
68.4997406005859,"2006","05","Lloyd",137,5,15,"15/05/2006",140
86.0498809814453,"2006","06","Lloyd",138,6,15,"15/06/2006",171
59.6087341308594,"2006","07","Lloyd",139,7,15,"15/07/2006",201
137.231536865234,"2006","08","Lloyd",140,8,15,"15/08/2006",232
90.80029296875,"2006","09","Lloyd",141,9,15,"15/09/2006",263
135.725509643555,"2006","10","Lloyd",142,10,15,"15/10/2006",293
46.7143058776855,"2006","11","Lloyd",143,11,15,"15/11/2006",324
14.3128967285156,"2006","12","Lloyd",144,12,15,"15/12/2006",354
10.7277822494507,"2007","01","Lloyd",145,1,15,"15/01/2007",20
7.89477634429932,"2007","02","Lloyd",146,2,15,"15/02/2007",51
45.4001350402832,"2007","03","Lloyd",147,3,15,"15/03/2007",79
57.1082344055176,"2007","04","Lloyd",148,4,15,"15/04/2007",110
157.026885986328,"2007","05","Lloyd",149,5,15,"15/05/2007",140
87.3682479858398,"2007","06","Lloyd",150,6,15,"15/06/2007",171
60.3341369628906,"2007","07","Lloyd",151,7,15,"15/07/2007",201
131.244384765625,"2007","08","Lloyd",152,8,15,"15/08/2007",232
72.7421264648438,"2007","09","Lloyd",153,9,15,"15/09/2007",263
281.664978027344,"2007","10","Lloyd",154,10,15,"15/10/2007",293
78.7500915527344,"2007","11","Lloyd",155,11,15,"15/11/2007",324
34.7933387756348,"2007","12","Lloyd",156,12,15,"15/12/2007",354
6.42449378967285,"2008","01","Lloyd",157,1,15,"15/01/2008",20
14.164665222168,"2008","02","Lloyd",158,2,15,"15/02/2008",51
15.3480367660522,"2008","03","Lloyd",159,3,15,"15/03/2008",79
78.4599914550781,"2008","04","Lloyd",160,4,15,"15/04/2008",110
76.5248031616211,"2008","05","Lloyd",161,5,15,"15/05/2008",140
77.0583801269531,"2008","06","Lloyd",162,6,15,"15/06/2008",171
46.0507926940918,"2008","07","Lloyd",163,7,15,"15/07/2008",201
179.472778320312,"2008","08","Lloyd",164,8,15,"15/08/2008",232
531.755920410156,"2008","09","Lloyd",165,9,15,"15/09/2008",263
109.107452392578,"2008","10","Lloyd",166,10,15,"15/10/2008",293
62.4647254943848,"2008","11","Lloyd",167,11,15,"15/11/2008",324
16.2798461914062,"2008","12","Lloyd",168,12,15,"15/12/2008",354
7.0039324760437,"2009","01","Lloyd",169,1,15,"15/01/2009",20
8.45795249938965,"2009","02","Lloyd",170,2,15,"15/02/2009",51
61.6499824523926,"2009","03","Lloyd",171,3,15,"15/03/2009",79
49.9544067382812,"2009","04","Lloyd",172,4,15,"15/04/2009",110
284.942932128906,"2009","05","Lloyd",173,5,15,"15/05/2009",140
154.383209228516,"2009","06","Lloyd",174,6,15,"15/06/2009",171
57.6898460388184,"2009","07","Lloyd",175,7,15,"15/07/2009",201
68.7637252807617,"2009","08","Lloyd",176,8,15,"15/08/2009",232
122.361236572266,"2009","09","Lloyd",177,9,15,"15/09/2009",263
58.3141136169434,"2009","10","Lloyd",178,10,15,"15/10/2009",293
25.1847305297852,"2009","11","Lloyd",179,11,15,"15/11/2009",324
60.8668975830078,"2009","12","Lloyd",180,12,15,"15/12/2009",354
18.0376663208008,"2010","01","Lloyd",181,1,15,"15/01/2010",20
18.9974021911621,"2010","02","Lloyd",182,2,15,"15/02/2010",51
33.2262115478516,"2010","03","Lloyd",183,3,15,"15/03/2010",79
97.2708892822266,"2010","04","Lloyd",184,4,15,"15/04/2010",110
192.769165039062,"2010","05","Lloyd",185,5,15,"15/05/2010",140
155.3369140625,"2010","06","Lloyd",186,6,15,"15/06/2010",171
179.133575439453,"2010","07","Lloyd",187,7,15,"15/07/2010",201
114.468963623047,"2010","08","Lloyd",188,8,15,"15/08/2010",232
127.170867919922,"2010","09","Lloyd",189,9,15,"15/09/2010",263
126.121620178223,"2010","10","Lloyd",190,10,15,"15/10/2010",293
109.061569213867,"2010","11","Lloyd",191,11,15,"15/11/2010",324
36.2431793212891,"2010","12","Lloyd",192,12,15,"15/12/2010",354
15.9704704284668,"2011","01","Lloyd",193,1,15,"15/01/2011",20
8.33926010131836,"2011","02","Lloyd",194,2,15,"15/02/2011",51
30.0362014770508,"2011","03","Lloyd",195,3,15,"15/03/2011",79
42.9640617370605,"2011","04","Lloyd",196,4,15,"15/04/2011",110
130.280853271484,"2011","05","Lloyd",197,5,15,"15/05/2011",140
199.444000244141,"2011","06","Lloyd",198,6,15,"15/06/2011",171
92.0807952880859,"2011","07","Lloyd",199,7,15,"15/07/2011",201
186.394348144531,"2011","08","Lloyd",200,8,15,"15/08/2011",232
160.448776245117,"2011","09","Lloyd",201,9,15,"15/09/2011",263
158.236068725586,"2011","10","Lloyd",202,10,15,"15/10/2011",293
32.0283164978027,"2011","11","Lloyd",203,11,15,"15/11/2011",324
22.4681606292725,"2011","12","Lloyd",204,12,15,"15/12/2011",354
11.78404712677,"2012","01","Lloyd",205,1,15,"15/01/2012",20
11.022008895874,"2012","02","Lloyd",206,2,15,"15/02/2012",51
17.0878715515137,"2012","03","Lloyd",207,3,15,"15/03/2012",79
98.9816665649414,"2012","04","Lloyd",208,4,15,"15/04/2012",110
182.654968261719,"2012","05","Lloyd",209,5,15,"15/05/2012",140
56.7523422241211,"2012","06","Lloyd",210,6,15,"15/06/2012",171
50.5107955932617,"2012","07","Lloyd",211,7,15,"15/07/2012",201
329.008422851562,"2012","08","Lloyd",212,8,15,"15/08/2012",232
105.414283752441,"2012","09","Lloyd",213,9,15,"15/09/2012",263
458.719421386719,"2012","10","Lloyd",214,10,15,"15/10/2012",293
31.3314170837402,"2012","11","Lloyd",215,11,15,"15/11/2012",324
19.083740234375,"2012","12","Lloyd",216,12,15,"15/12/2012",354
15.9086999893188,"2013","01","Lloyd",217,1,15,"15/01/2013",20
9.43996429443359,"2013","02","Lloyd",218,2,15,"15/02/2013",51
34.799144744873,"2013","03","Lloyd",219,3,15,"15/03/2013",79
27.226188659668,"2013","04","Lloyd",220,4,15,"15/04/2013",110
124.281661987305,"2013","05","Lloyd",221,5,15,"15/05/2013",140
42.7622528076172,"2013","06","Lloyd",222,6,15,"15/06/2013",171
87.1430053710938,"2013","07","Lloyd",223,7,15,"15/07/2013",201
60.0176849365234,"2013","08","Lloyd",224,8,15,"15/08/2013",232
113.813217163086,"2013","09","Lloyd",225,9,15,"15/09/2013",263
163.534454345703,"2013","10","Lloyd",226,10,15,"15/10/2013",293
40.9029998779297,"2013","11","Lloyd",227,11,15,"15/11/2013",324
13.5554971694946,"2013","12","Lloyd",228,12,15,"15/12/2013",354
10.4079189300537,"2014","01","Lloyd",229,1,15,"15/01/2014",20
20.6218509674072,"2014","02","Lloyd",230,2,15,"15/02/2014",51
20.2065162658691,"2014","03","Lloyd",231,3,15,"15/03/2014",79
63.6922760009766,"2014","04","Lloyd",232,4,15,"15/04/2014",110
58.5362701416016,"2014","05","Lloyd",233,5,15,"15/05/2014",140
19.2696208953857,"2014","06","Lloyd",234,6,15,"15/06/2014",171
30.2618103027344,"2014","07","Lloyd",235,7,15,"15/07/2014",201
116.781341552734,"2014","08","Lloyd",236,8,15,"15/08/2014",232
126.962631225586,"2014","09","Lloyd",237,9,15,"15/09/2014",263
88.6601028442383,"2014","10","Lloyd",238,10,15,"15/10/2014",293
33.1274795532227,"2014","11","Lloyd",239,11,15,"15/11/2014",324
20.1529712677002,"2014","12","Lloyd",240,12,15,"15/12/2014",354
12.1673831939697,"2015","01","Lloyd",241,1,15,"15/01/2015",20
30.1316261291504,"2015","02","Lloyd",242,2,15,"15/02/2015",51
25.6642265319824,"2015","03","Lloyd",243,3,15,"15/03/2015",79
49.2621154785156,"2015","04","Lloyd",244,4,15,"15/04/2015",110
47.693546295166,"2015","05","Lloyd",245,5,15,"15/05/2015",140
21.3274612426758,"2015","06","Lloyd",246,6,15,"15/06/2015",171
21.9600009918213,"2015","07","Lloyd",247,7,15,"15/07/2015",201
53.6272583007812,"2015","08","Lloyd",248,8,15,"15/08/2015",232
81.457763671875,"2015","09","Lloyd",249,9,15,"15/09/2015",263
104.431838989258,"2015","10","Lloyd",250,10,15,"15/10/2015",293
95.9663009643555,"2015","11","Lloyd",251,11,15,"15/11/2015",324
23.6529426574707,"2015","12","Lloyd",252,12,15,"15/12/2015",354
9.01654148101807,"2016","01","Lloyd",253,1,15,"15/01/2016",20
12.1729278564453,"2016","02","Lloyd",254,2,15,"15/02/2016",51
33.509407043457,"2016","03","Lloyd",255,3,15,"15/03/2016",79
128.97705078125,"2016","04","Lloyd",256,4,15,"15/04/2016",110
173.543075561523,"2016","05","Lloyd",257,5,15,"15/05/2016",140
47.3296279907227,"2016","06","Lloyd",258,6,15,"15/06/2016",171
45.255729675293,"2016","07","Lloyd",259,7,15,"15/07/2016",201
61.7287216186523,"2016","08","Lloyd",260,8,15,"15/08/2016",232
105.171005249023,"2016","09","Lloyd",261,9,15,"15/09/2016",263
283.876953125,"2016","10","Lloyd",262,10,15,"15/10/2016",293
150.654357910156,"2016","11","Lloyd",263,11,15,"15/11/2016",324
29.8061408996582,"2016","12","Lloyd",264,12,15,"15/12/2016",354
7.71563863754272,"2017","01","Lloyd",265,1,15,"15/01/2017",20
11.3292388916016,"2017","02","Lloyd",266,2,15,"15/02/2017",51
57.8579483032227,"2017","03","Lloyd",267,3,15,"15/03/2017",79
135.511505126953,"2017","04","Lloyd",268,4,15,"15/04/2017",110
196.059127807617,"2017","05","Lloyd",269,5,15,"15/05/2017",140
NA,NA,NA,NA,NA,NA,NA,NA,NA
